{
  "FCFS": {
    "algorithm_name": "FCFS",
    "num_episodes": 10,
    "training_time": 0.0,
    "inference_time": 8.225440979003906e-05,
    "mean_completion_time": 2.709589456446096,
    "std_completion_time": 0.0,
    "mean_fidelity": 0.03092138053705456,
    "std_fidelity": 0.0,
    "mean_energy": 0.011074156306228308,
    "std_energy": 0.0,
    "mean_reward": 3.8604891294745167,
    "std_reward": 4.440892098500626e-16,
    "hypervolume": 0.0
  },
  "SJF": {
    "algorithm_name": "SJF",
    "num_episodes": 10,
    "training_time": 0.0,
    "inference_time": 0.01601266860961914,
    "mean_completion_time": 7.204869974999889,
    "std_completion_time": 1.7763568394002505e-15,
    "mean_fidelity": 0.05084258183462016,
    "std_fidelity": 0.0,
    "mean_energy": 0.010165977635332701,
    "std_energy": 1.734723475976807e-18,
    "mean_reward": 3.3702837863269153,
    "std_reward": 0.0,
    "hypervolume": 0.0
  },
  "Min-Min": {
    "algorithm_name": "Min-Min",
    "num_episodes": 10,
    "training_time": 0.0,
    "inference_time": 0.0029511451721191406,
    "mean_completion_time": 1.3965359283611138,
    "std_completion_time": 0.0,
    "mean_fidelity": 0.03798990286910135,
    "std_fidelity": 0.0,
    "mean_energy": 0.0070141518835248,
    "std_energy": 1.734723475976807e-18,
    "mean_reward": 4.771344294165479,
    "std_reward": 0.0,
    "hypervolume": 0.0
  },
  "Random": {
    "algorithm_name": "Random",
    "num_episodes": 10,
    "training_time": 0.0,
    "inference_time": 0.0031347274780273438,
    "mean_completion_time": 2.7578247862389578,
    "std_completion_time": 0.41937107089668235,
    "mean_fidelity": 0.034882122179312684,
    "std_fidelity": 0.012509170404974746,
    "mean_energy": 0.01033427584261463,
    "std_energy": 0.0007121842448958468,
    "mean_reward": 3.9944077363041672,
    "std_reward": 0.3736050528914015,
    "hypervolume": 0.0
  },
  "Greedy-Error": {
    "algorithm_name": "Greedy-Error",
    "num_episodes": 10,
    "training_time": 0.0,
    "inference_time": 0.0004563331604003906,
    "mean_completion_time": 2.130080328430421,
    "std_completion_time": 0.0,
    "mean_fidelity": 0.014133833357961307,
    "std_fidelity": 0.0,
    "mean_energy": 0.006799174771981921,
    "std_energy": 0.0,
    "mean_reward": 4.9502547821168665,
    "std_reward": 8.881784197001252e-16,
    "hypervolume": 0.0
  },
  "Fidelity-Aware": {
    "algorithm_name": "Fidelity-Aware",
    "num_episodes": 10,
    "training_time": 0.0,
    "inference_time": 0.017534732818603516,
    "mean_completion_time": 1.152771348242768,
    "std_completion_time": 0.0,
    "mean_fidelity": 0.1622767741959817,
    "std_fidelity": 2.7755575615628914e-17,
    "mean_energy": 0.006196548015167091,
    "std_energy": 0.0,
    "mean_reward": 4.780500208056806,
    "std_reward": 0.0,
    "hypervolume": 0.0
  }
}