{
  "time_improvement": 28.52233676975945,
  "fidelity_improvement": 7.802104753840572,
  "energy_improvement": 13.086419753086412,
  "error_awareness_contribution": 8.234151080884136
}